,Total concentration,Free concentration
0,,
1,0.0,0.0
2,1.0,0.14693656553841805
3,2.0,0.296215373160301
4,3.0,0.4478827742063487
5,4.0,0.601986022775499
6,5.0,0.758573283960871
7,6.0,0.9176936413395609
8,7.0,1.0793971036440695
9,8.0,1.2437346105397609
10,9.0,1.4107580374285291
11,10.0,1.5805201991955826
12,11.0,1.7530748528122047
13,12.0,1.928476698703605
14,13.0,2.106781380787588
